{"epoch": 16, "train_loss": 0.20310998192200294, "train_acc": 94.55864570737606, "train_f1": 0.9457438406775767, "val_loss": 0.6081317265828451, "val_acc": 76.8361581920904, "val_f1": 0.7688854459159247}