{"epoch": 27, "train_loss": 0.0490311531519348, "train_acc": 99.70588235294117, "train_f1": 0.9970585722005102, "val_loss": 0.8615876138210297, "val_acc": 73.97260273972603, "val_f1": 0.7359865648154492}