{"epoch": 13, "train_loss": 0.1828797459602356, "train_acc": 93.75796178343948, "train_f1": 0.9375099457775626, "val_loss": 0.5126762042442957, "val_acc": 83.33333333333333, "val_f1": 0.8329022794347042}