{"epoch": 10, "train_loss": 0.37432485570510227, "train_acc": 90.93333333333334, "train_f1": 0.9095415261380501, "val_loss": 0.9286199808120728, "val_acc": 67.5, "val_f1": 0.6712315430047988}