{"epoch": 22, "train_loss": 0.14469302569826445, "train_acc": 97.04225352112677, "train_f1": 0.9704646136370227, "val_loss": 0.45800941189130145, "val_acc": 80.92105263157895, "val_f1": 0.8059686186166822}