{"epoch": 14, "train_loss": 0.20241603814065456, "train_acc": 95.7983193277311, "train_f1": 0.9580032893481796, "val_loss": 0.7615801990032196, "val_acc": 74.50980392156863, "val_f1": 0.7424764918371056}