{"epoch": 18, "train_loss": 0.16315239191055297, "train_acc": 94.72329472329473, "train_f1": 0.94730004593179, "val_loss": 0.4451158195734024, "val_acc": 84.98498498498499, "val_f1": 0.8490043772277301}