{"epoch": 15, "train_loss": 0.1373931926030379, "train_acc": 97.0074812967581, "train_f1": 0.9701168394241405, "val_loss": 0.6613056659698486, "val_acc": 80.23255813953489, "val_f1": 0.7967835217108473}