{"epoch": 7, "train_loss": 0.19091162288730795, "train_acc": 93.03338171262699, "train_f1": 0.9307127377938218, "val_loss": 0.4420539240042369, "val_acc": 82.43243243243244, "val_f1": 0.8237960596486286}