{"epoch": 11, "train_loss": 0.10041804205287587, "train_acc": 96.28571428571429, "train_f1": 0.9629360615260629, "val_loss": 0.3581814467906952, "val_acc": 87.0, "val_f1": 0.8695920523100534}