{"epoch": 22, "train_loss": 0.1724884415214712, "train_acc": 93.85714285714286, "train_f1": 0.9384885278274152, "val_loss": 0.4089951018492381, "val_acc": 88.33333333333333, "val_f1": 0.8832195504985407}