{"epoch": 16, "train_loss": 0.17494257336313074, "train_acc": 93.92857142857143, "train_f1": 0.939297882678526, "val_loss": 0.34072647492090863, "val_acc": 85.66666666666667, "val_f1": 0.8568891981682679}