{"epoch": 10, "train_loss": 0.1598441583605913, "train_acc": 93.44473007712082, "train_f1": 0.934374061334271, "val_loss": 0.38532599806785583, "val_acc": 86.82634730538922, "val_f1": 0.868100675724962}